use find_job_dtb

select * from province

INSERT INTO user(created_date, dob, last_modified_date, id, email, gender, id_device, image, location, name, password, phone, skill, username, about_me, url_avatar) VALUES (NULL,NULL,NULL,1,'tranduyheo123@gmail.com',NULL,NULL,NULL,NULL,'Trần Duy Khang','$2a$10$3aHAeBvTZf.pjvzhOZhpmO/IbKOPsMxVCtmkuMjN0abgLwsWkbLd2',NULL,NULL,'khang305','Lorem ipsum dolor sit amet, consectetur adipiscing elit. Lectus id commodo egestas metus interdum dolor.','http://res.cloudinary.com/dson4gzwa/image/upload/v1692773824/FindJob-upload/Image/addebc32-e2d4-4053-824f-9f7385bb12bd.jpg'),(NULL,NULL,NULL,2,'messi@gmail.com',NULL,NULL,NULL,NULL,'Lionel Messi','$2a$10$AgIFPKWmkirEbCHwkMnCZeu.OJuxKz6FOuDuu7.P2ngtFbhN/ILwq',NULL,NULL,'messi',NULL,NULL),(NULL,NULL,NULL,3,'tdkhang305@gmail.com',NULL,NULL,NULL,NULL,'Lionel Messi','$2a$10$c8mXL8VrQSvpSdYJXtRug.eOBYxbV7UY.FHeJndiISAf5RPLszZgK',NULL,NULL,'kaka',NULL,NULL);

INSERT INTO `company` VALUES (NULL,120000,NULL,1,'https://news-cdn.softpedia.com/images/news2/the-new-google-logo-is-a-lesson-in-modern-design-490648-3.jpg','Google LLC is an American multinational technology company focusing on artificial intelligence, online advertising, search engine technology, cloud computing, computer software, quantum computing, e-commerce, and consumer electronics.','1600 Amphitheatre Parkway · Mountain View, California · U.S.','Google','Search technology, Web computing, Software and Online advertising','Multinational company','https://about.google/'),(NULL,1202000,NULL,2,'https://th.bing.com/th/id/R.8e1e25f0151e2c319edb2aa01690e425?rik=3cw5V3mRdqONtg&riu=http%3a%2f%2f1000logos.net%2fwp-content%2fuploads%2f2016%2f11%2fFacebook-Logo-Meaning.jpg&ehk=FgCeZkf1OpID4t2mYFq2yRNkztI%2bRdJPC4oKPmv7KeY%3d&risl=&pid=ImgRaw&r=0','Facebook can be accessed from devices with Internet connectivity, such as personal computers, tablets and smartphones. After registering, users can create a profile revealing information about themselves. They can post text, photos and multimedia which are shared with any other users who have agreed to be their \"friend\" or, with different privacy settings, publicly.','Menlo Park, California, USA','Facebook','Social networking, online communication, digital advertising.','Public technology company','https://www.facebook.com/'),(NULL,1202000,NULL,3,'https://cdn.1min30.com/wp-content/uploads/2017/12/Embl%C3%A8me-Amazon.jpg','Amazon.com, Inc. is an American multinational technology company focusing on e-commerce, cloud computing, online advertising, digital streaming, and artificial intelligence.','Seattle, Washington, USA','Amazon','E-commerce, cloud computing, digital streaming, artificial intelligence and more','Public technology and e-commerce company','https://www.amazon.com/'),(NULL,45000,NULL,4,'https://mentori.vn/upload/recruitment/sac1638011107.png','Founded in 2009, KMS Technology delivers top-quality software and outsourcing services to clients worldwide. It focuses on software development, quality assurance, and consulting.','Atlanta, Georgia, USA','KMS Technology','Software development, quality assurance, IT consulting','Private technology and outsourcing company','https://kms-technology.com/');

INSERT INTO job(created_date, last_modified_date, salary, create_at, expire_at, id, id_company, description, experience, facilities, location, position, qualification, required, specialization, title, type_work, type_work_place, id_province) VALUES (NULL,NULL,1500,'2023-08-11 15:42:29.000000','2023-12-23 00:00:00.000000',1,2,'Sed ut perspiciatis unde omnis At vero eos et accusamus et iusto odio dignissimos ducimus qui blanditiis praesentium voluptatum deleniti atque corrupti quos dolores et quas . iste natus error','More than 5 years','Medical, Meal Allowance, Regular Hours, Mondays-Fridays, Transport Allowance','Ho Chi Minh','Leader','Bachelor’s Degree','Sed ut perspiciatis unde omnis iste natus error sit.\nNeque porro quisquam est, qui dolorem ipsum quia dolor sit amet, consectetur & adipisci velit.\nNemo enim ipsam voluptatem quia voluptas sit aspernatur aut odit aut fugit.','Developer','Frontend Web Developer(Reactjs,Vuejs)','Fulltime','Onsite',29),(NULL,NULL,1000,'2023-08-11 15:42:29.000000','2023-12-23 00:00:00.000000',2,3,'Sed ut perspiciatis unde omnis At vero eos et accusamus et iusto odio dignissimos ducimus qui blanditiis praesentium voluptatum deleniti atque corrupti quos dolores et quas . iste natus error','3-5 years','Medical, Meal Allowance, Regular Hours, Mondays-Fridays, Transport Allowance','Da Nang','Manager','Bachelor’s Degree','Sed ut perspiciatis unde omnis iste natus error sit.\nNeque porro quisquam est, qui dolorem ipsum quia dolor sit amet, consectetur & adipisci velit.\nNemo enim ipsam voluptatem quia voluptas sit aspernatur aut odit aut fugit.','Developer','Mid-Level Backend Developer (Nodejs)','Fulltime','Onsite',39),(NULL,NULL,2000,'2023-08-11 15:42:29.000000','2023-12-23 00:00:00.000000',3,3,'Sed ut perspiciatis unde omnis At vero eos et accusamus et iusto odio dignissimos ducimus qui blanditiis praesentium voluptatum deleniti atque corrupti quos dolores et quas . iste natus error','1-3 years','Medical, Meal Allowance, Regular Hours, Mondays-Fridays, Transport Allowance','Ha Noi','Senior','Bachelor’s Degree','Sed ut perspiciatis unde omnis iste natus error sit.\nNeque porro quisquam est, qui dolorem ipsum quia dolor sit amet, consectetur & adipisci velit.\nNemo enim ipsam voluptatem quia voluptas sit aspernatur aut odit aut fugit.','Designer','Back End Developer (Golang, Python3)','Fulltime','Remote',1),(NULL,NULL,400,'2023-08-11 15:42:29.000000','2023-12-23 00:00:00.000000',4,1,'Sed ut perspiciatis unde omnis At vero eos et accusamus et iusto odio dignissimos ducimus qui blanditiis praesentium voluptatum deleniti atque corrupti quos dolores et quas . iste natus error','Less than a year','Medical, Meal Allowance, Regular Hours, Mondays-Fridays, Transport Allowance','District 5, Ho Chi Minh','Intern','Bachelor’s Degree','Sed ut perspiciatis unde omnis iste natus error sit.\nNeque porro quisquam est, qui dolorem ipsum quia dolor sit amet, consectetur & adipisci velit.\nNemo enim ipsam voluptatem quia voluptas sit aspernatur aut odit aut fugit.','Developer','Front End Developer Intern (JavaScript, Vuejs/Nuxtjs)','Fulltime','Onsite',29),(NULL,NULL,400,'2023-08-11 15:42:29.000000','2023-12-23 00:00:00.000000',5,4,'Sed ut perspiciatis unde omnis At vero eos et accusamus et iusto odio dignissimos ducimus qui blanditiis praesentium voluptatum deleniti atque corrupti quos dolores et quas . iste natus error','No experience','Medical, Meal Allowance, Regular Hours, Mondays-Fridays, Transport Allowance','District 5, Ho Chi Minh','Intern','Bachelor’s Degree','Sed ut perspiciatis unde omnis iste natus error sit.\nNeque porro quisquam est, qui dolorem ipsum quia dolor sit amet, consectetur & adipisci velit.\nNemo enim ipsam voluptatem quia voluptas sit aspernatur aut odit aut fugit.','Developer','Front-End Intern ( Reactjs )','Fulltime','Onsite',29),(NULL,NULL,400,'2023-08-11 15:42:29.000000','2023-12-23 00:00:00.000000',6,4,'Sed ut perspiciatis unde omnis At vero eos et accusamus et iusto odio dignissimos ducimus qui blanditiis praesentium voluptatum deleniti atque corrupti quos dolores et quas . iste natus error','No experience','Medical, Meal Allowance, Regular Hours, Mondays-Fridays, Transport Allowance','District 5, Ho Chi Minh','Junior','Bachelor’s Degree','Sed ut perspiciatis unde omnis iste natus error sit.\nNeque porro quisquam est, qui dolorem ipsum quia dolor sit amet, consectetur & adipisci velit.\nNemo enim ipsam voluptatem quia voluptas sit aspernatur aut odit aut fugit.','Telesales','Telesales (Telemarketing)','Fulltime','Onsite',29),(NULL,NULL,1000,'2023-09-20 03:47:39.000000','2024-05-23 00:00:00.000000',7,1,'Sed ut perspiciatis unde omnis At vero eos et accusamus et iusto odio dignissimos ducimus qui blanditiis praesentium voluptatum deleniti atque corrupti quos dolores et quas . iste natus error','2 years','Medical, Meal Allowance, Regular Hours, Mondays-Fridays, Transport Allowance','Ho Chi Minh','Senior Designer','Bachelor’s Degree','Sed ut perspiciatis unde omnis iste natus error sit.\nNeque porro quisquam est, qui dolorem ipsum quia dolor sit amet, consectetur & adipisci velit.\nNemo enim ipsam voluptatem quia voluptas sit aspernatur aut odit aut fugit.','Developer','Java Developer','Fulltime','Onsite',1),(NULL,NULL,1000,'2023-09-20 03:47:39.000000','2024-05-23 00:00:00.000000',8,3,'Sed ut perspiciatis unde omnis At vero eos et accusamus et iusto odio dignissimos ducimus qui blanditiis praesentium voluptatum deleniti atque corrupti quos dolores et quas . iste natus error','2 years','Medical, Meal Allowance, Regular Hours, Mondays-Fridays, Transport Allowance','Da Nang','Mid-level','Bachelor’s Degree','Sed ut perspiciatis unde omnis iste natus error sit.\nNeque porro quisquam est, qui dolorem ipsum quia dolor sit amet, consectetur & adipisci velit.\nNemo enim ipsam voluptatem quia voluptas sit aspernatur aut odit aut fugit.','Developer','Giảng Viên Công Nghệ Thông Tin','Fulltime','Onsite',1),(NULL,NULL,2000,'2023-09-20 03:47:39.000000','2024-05-23 00:00:00.000000',9,3,'Sed ut perspiciatis unde omnis At vero eos et accusamus et iusto odio dignissimos ducimus qui blanditiis praesentium voluptatum deleniti atque corrupti quos dolores et quas . iste natus error','3 years','Medical, Meal Allowance, Regular Hours, Mondays-Fridays, Transport Allowance','Ha Noi','Senior','Bachelor’s Degree','Sed ut perspiciatis unde omnis iste natus error sit.\nNeque porro quisquam est, qui dolorem ipsum quia dolor sit amet, consectetur & adipisci velit.\nNemo enim ipsam voluptatem quia voluptas sit aspernatur aut odit aut fugit.','Developer','Mid-Level Developer (Mobile Apps)','Fulltime','Remote',1),(NULL,NULL,400,'2023-09-20 03:47:39.000000','2024-05-23 00:00:00.000000',10,1,'Sed ut perspiciatis unde omnis At vero eos et accusamus et iusto odio dignissimos ducimus qui blanditiis praesentium voluptatum deleniti atque corrupti quos dolores et quas . iste natus error','< 1 years','Medical, Meal Allowance, Regular Hours, Mondays-Fridays, Transport Allowance','District 5, Ho Chi Minh','Intern','Bachelor’s Degree','Sed ut perspiciatis unde omnis iste natus error sit.\nNeque porro quisquam est, qui dolorem ipsum quia dolor sit amet, consectetur & adipisci velit.\nNemo enim ipsam voluptatem quia voluptas sit aspernatur aut odit aut fugit.','Developer','Lập Trình Java (Thu Nhập 18 - 30 Triệu + Phụ Cấp + Thưởng Dự Án)','Fulltime','Onsite',1),(NULL,NULL,400,'2023-09-20 03:47:39.000000','2024-05-23 00:00:00.000000',11,4,'Sed ut perspiciatis unde omnis At vero eos et accusamus et iusto odio dignissimos ducimus qui blanditiis praesentium voluptatum deleniti atque corrupti quos dolores et quas . iste natus error','0 years','Medical, Meal Allowance, Regular Hours, Mondays-Fridays, Transport Allowance','District 5, Ho Chi Minh','Intern','Bachelor’s Degree','Sed ut perspiciatis unde omnis iste natus error sit.\nNeque porro quisquam est, qui dolorem ipsum quia dolor sit amet, consectetur & adipisci velit.\nNemo enim ipsam voluptatem quia voluptas sit aspernatur aut odit aut fugit.','Developer','Backend Developer (Java)','Fulltime','Onsite',29),(NULL,NULL,400,'2023-09-20 03:47:39.000000','2024-05-23 00:00:00.000000',12,4,'Sed ut perspiciatis unde omnis At vero eos et accusamus et iusto odio dignissimos ducimus qui blanditiis praesentium voluptatum deleniti atque corrupti quos dolores et quas . iste natus error','0 years','Medical, Meal Allowance, Regular Hours, Mondays-Fridays, Transport Allowance','District 5, Ho Chi Minh','Official','Bachelor’s Degree','Sed ut perspiciatis unde omnis iste natus error sit.\nNeque porro quisquam est, qui dolorem ipsum quia dolor sit amet, consectetur & adipisci velit.\nNemo enim ipsam voluptatem quia voluptas sit aspernatur aut odit aut fugit.','Telesales','Software Team Leader','Fulltime','Onsite',39),(NULL,NULL,1000,'2023-09-20 03:49:43.000000','2024-05-23 00:00:00.000000',13,1,'Sed ut perspiciatis unde omnis At vero eos et accusamus et iusto odio dignissimos ducimus qui blanditiis praesentium voluptatum deleniti atque corrupti quos dolores et quas . iste natus error','2 years','Medical, Meal Allowance, Regular Hours, Mondays-Fridays, Transport Allowance','Ho Chi Minh','Senior Designer','Bachelor’s Degree','Sed ut perspiciatis unde omnis iste natus error sit.\nNeque porro quisquam est, qui dolorem ipsum quia dolor sit amet, consectetur & adipisci velit.\nNemo enim ipsam voluptatem quia voluptas sit aspernatur aut odit aut fugit.','Developer','IT Technical Support Staff','Fulltime','Onsite',1),(NULL,NULL,1000,'2023-09-20 03:49:43.000000','2024-05-23 00:00:00.000000',14,3,'Sed ut perspiciatis unde omnis At vero eos et accusamus et iusto odio dignissimos ducimus qui blanditiis praesentium voluptatum deleniti atque corrupti quos dolores et quas . iste natus error','2 years','Medical, Meal Allowance, Regular Hours, Mondays-Fridays, Transport Allowance','Da Nang','Mid-level','Bachelor’s Degree','Sed ut perspiciatis unde omnis iste natus error sit.\nNeque porro quisquam est, qui dolorem ipsum quia dolor sit amet, consectetur & adipisci velit.\nNemo enim ipsam voluptatem quia voluptas sit aspernatur aut odit aut fugit.','Developer','Front-Line Supporter (Customer Support)','Fulltime','Onsite',29),(NULL,NULL,2000,'2023-09-20 03:49:43.000000','2024-05-23 00:00:00.000000',15,3,'Sed ut perspiciatis unde omnis At vero eos et accusamus et iusto odio dignissimos ducimus qui blanditiis praesentium voluptatum deleniti atque corrupti quos dolores et quas . iste natus error','3 years','Medical, Meal Allowance, Regular Hours, Mondays-Fridays, Transport Allowance','Ha Noi','Senior','Bachelor’s Degree','Sed ut perspiciatis unde omnis iste natus error sit.\nNeque porro quisquam est, qui dolorem ipsum quia dolor sit amet, consectetur & adipisci velit.\nNemo enim ipsam voluptatem quia voluptas sit aspernatur aut odit aut fugit.','Developer','Technical Support Engineer (Azure Acct Team)','Fulltime','Remote',29),(NULL,NULL,400,'2023-09-20 03:49:43.000000','2024-05-23 00:00:00.000000',16,1,'Sed ut perspiciatis unde omnis At vero eos et accusamus et iusto odio dignissimos ducimus qui blanditiis praesentium voluptatum deleniti atque corrupti quos dolores et quas . iste natus error','< 1 years','Medical, Meal Allowance, Regular Hours, Mondays-Fridays, Transport Allowance','District 5, Ho Chi Minh','Intern','Bachelor’s Degree','Sed ut perspiciatis unde omnis iste natus error sit.\nNeque porro quisquam est, qui dolorem ipsum quia dolor sit amet, consectetur & adipisci velit.\nNemo enim ipsam voluptatem quia voluptas sit aspernatur aut odit aut fugit.','Developer','Flutter Developer (Jr 2Y+, Upto 30M)','Fulltime','Onsite',29),(NULL,NULL,400,'2023-09-20 03:49:43.000000','2024-05-23 00:00:00.000000',17,4,'Sed ut perspiciatis unde omnis At vero eos et accusamus et iusto odio dignissimos ducimus qui blanditiis praesentium voluptatum deleniti atque corrupti quos dolores et quas . iste natus error','0 years','Medical, Meal Allowance, Regular Hours, Mondays-Fridays, Transport Allowance','District 5, Ho Chi Minh','Intern','Bachelor’s Degree','Sed ut perspiciatis unde omnis iste natus error sit.\nNeque porro quisquam est, qui dolorem ipsum quia dolor sit amet, consectetur & adipisci velit.\nNemo enim ipsam voluptatem quia voluptas sit aspernatur aut odit aut fugit.','Developer','Blockchain Developer Up To 15M','Fulltime','Onsite',39),(NULL,NULL,400,'2023-09-20 03:49:43.000000','2024-05-23 00:00:00.000000',18,4,'Sed ut perspiciatis unde omnis At vero eos et accusamus et iusto odio dignissimos ducimus qui blanditiis praesentium voluptatum deleniti atque corrupti quos dolores et quas . iste natus error','0 years','Medical, Meal Allowance, Regular Hours, Mondays-Fridays, Transport Allowance','District 5, Ho Chi Minh','Official','Bachelor’s Degree','Sed ut perspiciatis unde omnis iste natus error sit.\nNeque porro quisquam est, qui dolorem ipsum quia dolor sit amet, consectetur & adipisci velit.\nNemo enim ipsam voluptatem quia voluptas sit aspernatur aut odit aut fugit.','Telesales','Senior Unity Developer - Upto 45M/ Tháng','Fulltime','Onsite',1),(NULL,NULL,1000,'2023-09-20 10:53:23.000000','2024-05-23 00:00:00.000000',19,1,'Sed ut perspiciatis unde omnis At vero eos et accusamus et iusto odio dignissimos ducimus qui blanditiis praesentium voluptatum deleniti atque corrupti quos dolores et quas . iste natus error','2 years','Medical, Meal Allowance, Regular Hours, Mondays-Fridays, Transport Allowance','Ho Chi Minh','Senior Designer','Bachelor’s Degree','Sed ut perspiciatis unde omnis iste natus error sit.\nNeque porro quisquam est, qui dolorem ipsum quia dolor sit amet, consectetur & adipisci velit.\nNemo enim ipsam voluptatem quia voluptas sit aspernatur aut odit aut fugit.','Developer','Backend Tại Hà Nội','Fulltime','Onsite',1),(NULL,NULL,1000,'2023-09-20 10:53:23.000000','2024-05-23 00:00:00.000000',20,3,'Sed ut perspiciatis unde omnis At vero eos et accusamus et iusto odio dignissimos ducimus qui blanditiis praesentium voluptatum deleniti atque corrupti quos dolores et quas . iste natus error','2 years','Medical, Meal Allowance, Regular Hours, Mondays-Fridays, Transport Allowance','Da Nang','Mid-level','Bachelor’s Degree','Sed ut perspiciatis unde omnis iste natus error sit.\nNeque porro quisquam est, qui dolorem ipsum quia dolor sit amet, consectetur & adipisci velit.\nNemo enim ipsam voluptatem quia voluptas sit aspernatur aut odit aut fugit.','Developer','Lập Trình Firmware IOT','Fulltime','Onsite',39),(NULL,NULL,2000,'2023-09-20 10:53:23.000000','2024-05-23 00:00:00.000000',21,3,'Sed ut perspiciatis unde omnis At vero eos et accusamus et iusto odio dignissimos ducimus qui blanditiis praesentium voluptatum deleniti atque corrupti quos dolores et quas . iste natus error','3 years','Medical, Meal Allowance, Regular Hours, Mondays-Fridays, Transport Allowance','Ha Noi','Senior','Bachelor’s Degree','Sed ut perspiciatis unde omnis iste natus error sit.\nNeque porro quisquam est, qui dolorem ipsum quia dolor sit amet, consectetur & adipisci velit.\nNemo enim ipsam voluptatem quia voluptas sit aspernatur aut odit aut fugit.','Developer','Lập Trình Viên Java/ Java Developer ( Upto 2500$)','Fulltime','Remote',29),(NULL,NULL,400,'2023-09-20 10:53:23.000000','2024-05-23 00:00:00.000000',22,1,'Sed ut perspiciatis unde omnis At vero eos et accusamus et iusto odio dignissimos ducimus qui blanditiis praesentium voluptatum deleniti atque corrupti quos dolores et quas . iste natus error','< 1 years','Medical, Meal Allowance, Regular Hours, Mondays-Fridays, Transport Allowance','District 5, Ho Chi Minh','Intern','Bachelor’s Degree','Sed ut perspiciatis unde omnis iste natus error sit.\nNeque porro quisquam est, qui dolorem ipsum quia dolor sit amet, consectetur & adipisci velit.\nNemo enim ipsam voluptatem quia voluptas sit aspernatur aut odit aut fugit.','Developer','Senior Front End Developer','Fulltime','Onsite',29),(NULL,NULL,400,'2023-09-20 10:53:23.000000','2024-05-23 00:00:00.000000',23,4,'Sed ut perspiciatis unde omnis At vero eos et accusamus et iusto odio dignissimos ducimus qui blanditiis praesentium voluptatum deleniti atque corrupti quos dolores et quas . iste natus error','0 years','Medical, Meal Allowance, Regular Hours, Mondays-Fridays, Transport Allowance','District 5, Ho Chi Minh','Intern','Bachelor’s Degree','Sed ut perspiciatis unde omnis iste natus error sit.\nNeque porro quisquam est, qui dolorem ipsum quia dolor sit amet, consectetur & adipisci velit.\nNemo enim ipsam voluptatem quia voluptas sit aspernatur aut odit aut fugit.','Developer','Regional Sales Manager','Fulltime','Onsite',29),(NULL,NULL,400,'2023-09-20 10:53:23.000000','2024-05-23 00:00:00.000000',24,4,'Sed ut perspiciatis unde omnis At vero eos et accusamus et iusto odio dignissimos ducimus qui blanditiis praesentium voluptatum deleniti atque corrupti quos dolores et quas . iste natus error','0 years','Medical, Meal Allowance, Regular Hours, Mondays-Fridays, Transport Allowance','District 5, Ho Chi Minh','Official','Bachelor’s Degree','Sed ut perspiciatis unde omnis iste natus error sit.\nNeque porro quisquam est, qui dolorem ipsum quia dolor sit amet, consectetur & adipisci velit.\nNemo enim ipsam voluptatem quia voluptas sit aspernatur aut odit aut fugit.','Telesales','Senior Unity Developer - Upto 45M/ Tháng','Fulltime','Onsite',1);
select * from job

INSERT INTO `province` VALUES (1,'01','Hà Nội','Ha Noi'),(2,'26','Vĩnh Phúc','Vinh Phuc'),(3,'27','Bắc Ninh','Bac Ninh'),(4,'30','Hải Dương','Hai Duong'),(5,'31','Hải Phòng','Hai Phong'),(6,'33','Hưng Yên','Hung Yen'),(7,'34','Thái Bình','Thai Binh'),(8,'35','Hà Nam','Ha Nam'),(9,'96','Cà Mau','Ca Mau'),(10,'02','Hà Giang','Ha Giang'),(11,'04','Cao Bằng','Cao Bang'),(12,'06','Bắc Kạn','Bac Kan'),(13,'08','Tuyên Quang','Tuyen Quang'),(14,'19','Thái Nguyên','Thai Nguyen'),(15,'20','Lạng Sơn','Lang Son'),(16,'22','Quảng Ninh','Quang Ninh'),(17,'24','Bắc Giang','Bac Giang'),(18,'25','Phú Thọ','Phu Tho'),(19,'10','Lào Cai','Lao Cai'),(20,'11','Điện Biên','Dien Bien'),(21,'12','Lai Châu','Lai Chau'),(22,'14','Sơn La','Son La'),(23,'15','Yên Bái','Yen Bai'),(24,'17','Hoà Bình','Hoa Binh'),(25,'70','Bình Phước','Binh Phuoc'),(26,'72','Tây Ninh','Tay Ninh'),(27,'74','Bình Dương','Binh Duong'),(28,'75','Đồng Nai','Dong Nai'),(29,'79','Hồ Chí Minh','Ho Chi Minh'),(30,'77','Bà Rịa - Vũng Tàu','Ba Ria - Vung Tau'),(31,'36','Nam Định','Nam Dinh'),(32,'37','Ninh Bình','Ninh Binh'),(33,'38','Thanh Hóa','Thanh Hoa'),(34,'40','Nghệ An','Nghe An'),(35,'42','Hà Tĩnh','Ha Tinh'),(36,'44','Quảng Bình','Quang Binh'),(37,'45','Quảng Trị','Quang Tri'),(38,'46','Thừa Thiên Huế','Thua Thien Hue'),(39,'48','Đà Nẵng','Da Nang'),(40,'49','Quảng Nam','Quang Nam'),(41,'51','Quảng Ngãi','Quang Ngai'),(42,'52','Bình Định','Binh Dinh'),(43,'54','Phú Yên','Phu Yen'),(44,'56','Khánh Hòa','Khanh Hoa'),(45,'58','Ninh Thuận','Ninh Thuan'),(46,'60','Bình Thuận','Binh Thuan'),(47,'62','Kon Tum','Kon Tum'),(48,'64','Gia Lai','Gia Lai'),(49,'66','Đắk Lắk','Dak Lak'),(50,'67','Đắk Nông','Dak Nong'),(51,'68','Lâm Đồng','Lam Dong'),(52,'80','Long An','Long An'),(53,'82','Tiền Giang','Tien Giang'),(54,'83','Bến Tre','Ben Tre'),(55,'84','Trà Vinh','Tra Vinh'),(56,'86','Vĩnh Long','Vinh Long'),(57,'87','Đồng Tháp','Dong Thap'),(58,'89','An Giang','An Giang'),(59,'91','Kiên Giang','Kien Giang'),(60,'92','Cần Thơ','Can Tho'),(61,'93','Hậu Giang','Hau Giang'),(62,'94','Sóc Trăng','Soc Trang'),(63,'95','Bạc Liêu','Bac Lieu');